Numero;Date;Type;Nombre;Montant;Cours;Nom;YahooName;Remarques
1;2018-03-31 00:00:00;Solde;;0;;;;
2;2018-04-16 00:00:00;Virement;;1000;;;;
3;2018-04-30 00:00:00;Solde;;1000;;;;
4;2018-05-14 00:00:00;Virement;;4000;;;;
5;2018-05-31 00:00:00;Solde;;214.99;;;;
6;2018-06-05 00:00:00;Virement;;10000;;;;
7;2018-06-30 00:00:00;Solde;;187.24;;;;
8;2018-07-31 00:00:00;Solde;;187.24;;;;
9;2018-08-24 00:00:00;Virement;;500.00;;;;
10;2018-08-28 00:00:00;Achat;4;437.59;109.3975;AIRBUS;AIR.PA;
11;2018-08-29 00:00:00;Virement;;250.00;;;;
12;2018-08-29 00:00:00;Achat;15;417.68;27.84533333;DASSAULT SYSTEMES;DSY.PA;
13;2018-08-29 00:00:00;Virement;;150.00;;;;
14;2018-08-31 00:00:00;Solde;;231.97;;;;
15;2018-09-03 00:00:00;Virement;;300.00;;;;
16;2018-09-03 00:00:00;Achat;36;501.18;13.92166667;ORANGE;ORA.PA;
17;2018-09-30 00:00:00;Solde;;30.79;;;;
18;2018-10-10 00:00:00;Achat;40;500.68;12.517;ENGIE;ENGI.PA;
19;2018-10-10 00:00:00;Virement;;500.00;;;;
20;2018-10-17 00:00:00;Virement;;500;;;;
21;2018-10-17 00:00:00;Achat;7;490.16;70.02285714;RENAULT;RNO.PA;
22;2018-10-31 00:00:00;Solde;;61.41;;;;
23;2018-11-02 00:00:00;Virement;;500;;;;
24;2018-11-02 00:00:00;Achat;15;500.73;33.382;BOUYGUES;EN.PA;
25;2018-11-29 00:00:00;Virement;;2500;;;;
26;2018-11-29 00:00:00;Achat;11;497.59;45.23545455;BNP;BNP.PA;
27;2018-11-29 00:00:00;Achat;23;500.28;21.75130435;AXA;CS.PA;
28;2018-11-29 00:00:00;Achat;10;488.80;48.88;TOTAL;TTE.PA;
29;2018-11-30 00:00:00;Solde;;1074.01;;;;
30;2018-12-03 00:00:00;Achat;26;492;18.92307692;VEOLIA;VIE.PA;
31;2018-12-06 00:00:00;Coupons;36;10.8;0.3;ORANGE;;
32;2018-12-07 00:00:00;Achat;189;501.9;2.655555556;LATECOERE;LAT.PA;
33;2018-12-27 00:00:00;Virement;;500;;;;
34;2018-12-27 00:00:00;Achat;6;452.86;75.47666667;SANOFI;SAN.PA;
35;2018-12-31 00:00:00;Solde;;144.16;;;;
36;2019-01-02 00:00:00;Virement;;500;;;;
37;2019-01-02 00:00:00;Achat;24;512.17;21.34041667;MICHELIN;ML.PA;Achat de 6 MICHELIN mais divison par 4 de la valeur donc achat de 24 finalement
38;2019-01-10 00:00:00;Coupons;10;6.4;0.64;TOTAL;;
39;2019-01-30 00:00:00;Virement;;500;;;;
40;2019-01-30 00:00:00;Vente32;189;541.05;2.862698413;LATECOERE;;
41;2019-01-30 00:00:00;Achat;37;498.35;13.46891892;ORANGE;;
42;2019-01-31 00:00:00;Solde;;681.09;;;;
43;2019-02-06 00:00:00;Achat;12;483.49;40.29083333;BNP;;
44;2019-02-08 00:00:00;Virement;;355;;;;
45;2019-02-08 00:00:00;Achat;7;502.17;71.73857143;UBISOFT;UBI.PA;
46;2019-02-11 00:00:00;Virement;;500;;;;
47;2019-02-28 00:00:00;Achat;45;498.71;11.08244444;AIR FRANCE;AF.PA;
48;2019-02-28 00:00:00;Solde;;27.56;;;;
49;2019-03-12 00:00:00;Virement;;500;;;;
50;2019-03-13 00:00:00;Achat;30;488.59;16.28633333;CELLECTIS;ALCLS.PA;
51;2019-03-18 00:00:00;Achat;1;498.48;498.48;KERING;KER.PA;
52;2019-03-20 00:00:00;Achat;34;493.12;14.50352941;STMICROELECTRONICS;STM.PA;
53;2019-03-21 00:00:00;Coupons;10;6.4;0.64;TOTAL;;
54;2019-03-21 00:00:00;RachatDiv;1;49.3;49.3;TOTAL;;
55;2019-03-31 00:00:00;Solde;;665.75;;;;
56;2019-04-03 00:00:00;Achat;4;498.88;124.72;SAFRAN;SAF.PA;
57;2019-04-11 00:00:00;Achat;14;503.29;35.94928571;SAINT-GOBAIN;SGO.PA;
58;2019-04-17 00:00:00;Coupons;4;5.61;1.4025;AIRBUS;;
59;2019-04-18 00:00:00;Achat;96;500.57;5.214270833;NATIXIS;KN.PA;
60;2019-04-24 00:00:00;Vente52;34;552.56;16.25176471;STMICROELECTRONICS;;
61;2019-04-24 00:00:00;Achat;146;500.58;3.428630137;LATECOERE;;
62;2019-04-29 00:00:00;Vente56;4;514.1;128.525;SAFRAN;;
63;2019-04-29 00:00:00;Vente50;30;528.11;17.60366667;CELLECTIS;;
64;2019-04-29 00:00:00;Vente51;1;524.93;524.93;KERING;;
65;2019-04-30 00:00:00;Solde;;1629.11;;;;
66;2019-05-03 00:00:00;Coupons;15;25.5;1.7;BOUYGUES;;
67;2019-05-06 00:00:00;Coupons;23;30.82;1.34;AXA;;
68;2019-05-07 00:00:00;Achat;18;500.46;27.80333333;SOCIETE GENERALE;GLE.PA;
69;2019-05-07 00:00:00;Achat;8;472.04;59.005;RENAULT;;
70;2019-05-07 00:00:00;Achat;10;480.62;48.062;TOTAL;;
71;2019-05-09 00:00:00;Virement;;800;;;;
72;2019-05-13 00:00:00;Coupons;6;18.42;3.07;SANOFI;;
73;2019-05-16 00:00:00;Coupons;26;23.92;0.92;VEOLIA;;
74;2019-05-16 00:00:00;Achat;4;502.69;125.6725;SAFRAN;;
75;2019-05-16 00:00:00;Achat;44;495.39;11.25886364;CREDIT AGRICOLE;ACA.PA;
76;2019-05-20 00:00:00;Achat;9;458.67;50.96333333;RENAULT;;
77;2019-05-23 00:00:00;Achat;1;502.34;502.34;KERING;;
78;2019-05-24 00:00:00;Coupons;40;30;0.75;ENGIE;;
79;2019-05-24 00:00:00;Coupons;24;22.2;0.925;MICHELIN;;
80;2019-05-28 00:00:00;Coupons;44;30.36;0.69;CREDIT AGRICOLE;;
81;2019-05-29 00:00:00;Vente77;1;461.06;461.06;KERING;;
82;2019-05-29 00:00:00;Coupons;4;7.28;1.82;SAFRAN;;
83;2019-05-30 00:00:00;Coupons;18;39.6;2.2;SOCIETE GENERALE;;
84;2019-05-30 00:00:00;RachatDiv;2;44.62;22.31;SOCIETE GENERALE;;
85;2019-05-31 00:00:00;Coupons;15;1.95;0.13;DASSAULT SYSTEMES;;
86;2019-05-31 00:00:00;Coupons;23;69.46;3.02;BNP;;
87;2019-05-31 00:00:00;Solde;;692.82;;;;
88;2019-06-03 00:00:00;Achat;5;500.98;100.196;SOPRA STERIA;SOP.PA;
89;2019-06-03 00:00:00;Vente47;45;342.62;7.613777778;AIR FRANCE;;
90;2019-06-03 00:00:00;Vente69;9;488.69;54.29888889;RENAULT;;
91;2019-06-03 00:00:00;Achat;5;498.88;99.776;CAPGEMINI;CAP.PA;
92;2019-06-04 00:00:00;Coupons;96;74.88;0.78;NATIXIS;;
93;2019-06-06 00:00:00;Coupons;73;29.2;0.4;ORANGE;;
94;2019-06-06 00:00:00;Achat;22;494.39;22.47227273;SOCIETE GENERALE;;
95;2019-06-07 00:00:00;Virement;;500;;;;
96;2019-06-07 00:00:00;Coupons;5;8.5;1.7;CAPGEMINI;;
97;2019-06-11 00:00:00;Achat;1;498.02;498.02;KERING;;
98;2019-06-12 00:00:00;Coupons;14;18.62;1.33;SAINT-GOBAIN;;
99;2019-06-13 00:00:00;Coupons;21;13.44;0.64;TOTAL;;
100;2019-06-20 00:00:00;Coupons;15;53.25;3.55;RENAULT;;
101;2019-06-26 00:00:00;Virement;;300;;;;
102;2019-06-26 00:00:00;Achat;6;461.16;76.86;SANOFI;;
103;2019-06-30 00:00:00;Solde;;68.59;;;;
104;2019-07-02 00:00:00;Achat;37;501.69;13.55918919;ENGIE;;
105;2019-07-02 00:00:00;Vente61;146;552.92;3.787123288;LATECOERE;;
106;2019-07-04 00:00:00;Coupons;5;9.25;1.85;SOPRA STERIA;;
107;2019-07-31 00:00:00;Solde;;129.07;;;;
108;2019-08-07 00:00:00;Achat;20;483.03;24.1515;MICHELIN;;Achat de 5 MICHELIN mais divison par 4 de la valeur donc achat de 20 finalement
109;2019-08-07 00:00:00;Achat;22;483.36;21.97090909;AXA;;
110;2019-08-26 00:00:00;Achat;32;497.83;15.5571875;STMICROELECTRONICS;;
111;2019-08-29 00:00:00;Achat;4;503.49;125.8725;AIR LIQUIDE;AI.PA;
112;2019-08-31 00:00:00;Solde;;207.79;;;;
113;2019-09-04 00:00:00;Vente88;5;569.56;113.912;SOPRA STERIA;;
114;2019-09-05 00:00:00;Vente111;4;498.01;124.5025;AIR LIQUIDE;;
115;2019-09-10 00:00:00;Vente10;4;490.01;122.5025;AIRBUS;;
116;2019-09-11 00:00:00;Achat;5;489.45;97.89;VINCI;DG.PA;
117;2019-09-12 00:00:00;Achat;15;494.74;32.98266667;BOIRON;BOI.PA;
118;2019-09-16 00:00:00;Vente91;5;531.79;106.358;CAPGEMINI;;
119;2019-09-16 00:00:00;Achat;4;482.15;120.5375;AIRBUS;;
120;2019-09-20 00:00:00;Coupons;32;1.47;0.0459375;STMICROELECTRONICS;;
121;2019-09-25 00:00:00;Achat;50;502.89;10.0578;EDF;EDF.PA;
122;2019-09-30 00:00:00;Solde;;329.4;;;;
123;2019-10-01 00:00:00;Coupons;21;13.86;0.66;TOTAL;;
124;2019-10-03 00:00:00;Virement;;700;;;;
125;2019-10-03 00:00:00;Achat;37;500.76;13.53405405;SUEZ;SEV.PA;
126;2019-10-15 00:00:00;Vente110;32;608.96;19.03;STMICROELECTRONICS;;
127;2019-10-18 00:00:00;Achat;6;444.67;74.11166667;DANONE;BN.PA;
128;2019-10-25 00:00:00;Achat;11;484.9;44.08181818;UBISOFT;;
129;2019-10-25 00:00:00;Vente97;1;507.93;507.93;KERING;;
130;2019-10-31 00:00:00;Solde;;761.1;;;;
131;2019-11-07 00:00:00;Coupons;5;3.95;0.79;VINCI;;
132;2019-11-14 00:00:00;Achat;10;470.69;47.069;EDENRED;EDEN.PA;
133;2019-11-19 00:00:00;Virement;;750;;;;
134;2019-11-21 09:15:00;Achat;38;682.5;17.96052632;FDJ;FDJ.PA;Introduction
135;2019-11-30 00:00:00;Solde;;361.86;;;;
136;2019-12-04 00:00:00;Achat;12;485.24;40.43666667;ERAMET;ERA.PA;
137;2019-12-04 00:00:00;Coupons;73;21.9;0.3;ORANGE;;
138;2019-12-04 00:00:00;Virement;;700;;;;
139;2019-12-11 00:00:00;Achat;4;498.55;124.6375;AIRBUS;;
140;2019-12-17 00:00:00;Coupons;50;7.5;0.15;EDF;;
141;2019-12-31 00:00:00;Solde;;107.47;;;;
142;2020-01-02 00:00:00;Virement;;900;;;;
143;2020-01-08 00:00:00;Achat;20;489.19;24.4595;STMICROELECTRONICS;;
144;2020-01-08 00:00:00;Coupons;21;13.86;0.66;TOTAL;;
145;2020-01-17 00:00:00;Achat;12;484.99;40.41583333;RENAULT;;
146;2020-01-31 00:00:00;Virement;;1000;;;;
147;2020-01-31 00:00:00;Solde;;1047.15;;;;
148;2020-02-03 00:00:00;Achat;11;486.95;44.26818182;TOTAL;;
149;2020-02-03 00:00:00;Achat;13;503.47;38.72846154;ERAMET;;
150;2020-02-14 00:00:00;Virement;;1000;;;;
151;2020-02-14 00:00:00;Achat;14;473.49;33.82071429;RENAULT;;
152;2020-02-18 00:00:00;Achat;16;503.49;31.468125;RENAULT;;
153;2020-02-25 00:00:00;Achat;5;503.49;100.698;VINCI;;
154;2020-02-25 00:00:00;Achat;4;501.59;125.3975;AIRBUS;;
155;2020-02-25 00:00:00;Vente128;11;806.93;73.35727273;UBISOFT;;
156;2020-02-29 00:00:00;Solde;;559.64;;;;
157;2020-03-02 00:00:00;Achat;5;501.99;100.398;CAPGEMINI;;
158;2020-03-02 00:00:00;Achat;5;494.66;98.932;EIFFAGE;FGR.PA;
159;2020-03-02 00:00:00;Virement;;2700;;;;
160;2020-03-05 00:00:00;Achat;152;500.98;3.295921053;NATIXIS;;
161;2020-03-05 00:00:00;Achat;20;482.93;24.1465;RENAULT;;
162;2020-03-06 00:00:00;Achat;5;501.94;100.388;AIRBUS;;
163;2020-03-09 00:00:00;Achat;14;489.11;34.93642857;BNP;;
164;2020-03-11 00:00:00;Achat;1;447.62;447.62;KERING;;
165;2020-03-16 00:00:00;Achat;8;500.63;62.57875;AIRBUS;;
166;2020-03-23 00:00:00;Coupons;20;0.94;0.047;STMICROELECTRONICS;;
167;2020-03-24 00:00:00;Virement;;380;;;;
168;2020-03-31 00:00:00;Achat;25;500.74;20.0296;STMICROELECTRONICS;;
169;2020-03-31 00:00:00;Solde;;9.56;;;;
170;2020-04-02 00:00:00;Coupons;32;21.76;0.68;TOTAL;;
171;2020-04-03 00:00:00;Virement;;1000;;;;
172;2020-04-06 00:00:00;Achat;7;465.52;66.50285714;SAFRAN;;
173;2020-04-30 00:00:00;Solde;;565.8;;;;
174;2020-05-06 00:00:00;Coupons;12;37.8;3.15;SANOFI;;
175;2020-05-13 00:00:00;Achat;10;497.54;49.754;AIRBUS;;
176;2020-05-14 00:00:00;Coupons;26;13;0.5;VEOLIA;;
177;2020-05-20 00:00:00;Coupons;37;16.65;0.45;SUEZ;;
178;2020-05-31 00:00:00;Solde;;135.71;;;;
179;2020-06-02 00:00:00;Coupons;15;2.1;0.14;DASSAULT SYSTEMES;;
180;2020-06-04 00:00:00;Coupons;73;14.6;0.2;ORANGE;;
181;2020-06-05 00:00:00;Coupons;5;6.75;1.35;CAPGEMINI;;
182;2020-06-05 00:00:00;Coupons;15;15.75;1.05;BOIRON;;
183;2020-06-05 00:00:00;Coupons;10;7;0.7;EDENRED;;
184;2020-06-12 00:00:00;Virement;;930;;;;
185;2020-06-16 00:00:00;Achat;47;497.21;10.57893617;ORANGE;;
186;2020-06-16 00:00:00;Achat;33;494.37;14.98090909;SOCIETE GENERALE;;
187;2020-06-25 00:00:00;Virement;;800;;;;
188;2020-06-25 00:00:00;Coupons;1;4.5;4.5;KERING;;
189;2020-06-26 00:00:00;Coupons;45;1.42;0.031555556;STMICROELECTRONICS;;
190;2020-06-30 00:00:00;Coupons;38;15.75;0.414473684;FDJ;;
191;2020-06-30 00:00:00;Solde;;942;;;;
192;2020-07-03 00:00:00;Achat;13;498.78;38.36769231;NEOEN;NEOEN.PA;
193;2020-07-03 00:00:00;Coupons;44;22;0.5;MICHELIN;;
194;2020-07-06 00:00:00;Coupons;10;12.5;1.25;VINCI;;
195;2020-07-06 00:00:00;RachatDiv;1;78.71;78.71;VINCI;;
196;2020-07-06 00:00:00;Coupons;32;21.76;0.68;TOTAL;;
197;2020-07-06 00:00:00;RachatDiv;1;28.8;28.8;TOTAL;;
198;2020-07-09 00:00:00;Coupons;45;32.85;0.73;AXA;;
199;2020-07-16 00:00:00;Coupons;6;12.6;2.1;DANONE;;
200;2020-07-31 00:00:00;Solde;;437.42;;;;
201;2020-08-26 00:00:00;Achat;10;430.27;43.027;EDENRED;;
202;2020-08-31 00:00:00;Solde;;7.15;;;;
203;2020-09-11 00:00:00;Coupons;15;25.5;1.7;BOUYGUES;;
204;2020-09-14 00:00:00;Virement;;500;;;;
205;2020-09-14 00:00:00;Achat;52;487.79;9.380576923;STELLANTIS;STLA.PA;Achat de 30 PEUGEOT, transformés en 52 STELLANTIS
206;2020-09-28 00:00:00;Coupons;45;1.38;0.030666667;STMICROELECTRONICS;;
207;2020-09-30 00:00:00;Solde;;46.24;;;;
208;2020-10-05 00:00:00;Coupons;33;21.78;0.66;TOTAL;;
209;2020-10-12 00:00:00;Achat;145;501.66;3.459724138;NOKIA;NOKIA.PA;
210;2020-10-12 00:00:00;Virement;;450;;;;
211;2020-10-31 00:00:00;Solde;;16.36;;;;
212;2020-11-03 00:00:00;Achat;18;501.81;27.87833333;TOTAL;;
213;2020-11-03 00:00:00;Virement;;1000;;;;
214;2020-11-30 00:00:00;Solde;;514.55;;;;
215;2020-12-04 00:00:00;Achat;4;502.69;125.6725;SAFRAN;;
216;2020-12-09 00:00:00;Coupons;120;48;0.4;ORANGE;;
217;2020-12-21 00:00:00;Coupons;45;1.31;0.029111111;STMICROELECTRONICS;;
218;2020-12-31 00:00:00;Solde;;61.17;;;;
219;2021-01-07 00:00:00;Virement;;450;;;;
220;2021-01-12 00:00:00;Coupons;51;33.66;0.66;TOTAL;;
221;2021-01-21 00:00:00;Coupons;1;2.5;2.5;KERING;;
222;2021-01-26 00:00:00;Achat;5;426.96;85.392;UBISOFT;;
223;2021-01-31 00:00:00;Solde;;120.37;;;;
224;2021-02-08 00:00:00;Coupons;52;3.48;0.066923077;STELLANTIS;;
225;2021-02-16 00:00:00;Virement;;100;;;;
226;2021-02-26 00:00:00;Vente127;6;339.22;56.53666667;DANONE;;
227;2021-02-28 00:00:00;Solde;;563.07;;;;
228;2021-03-22 00:00:00;Coupons;52;5.03;0.096730769;STELLANTIS;;
229;2021-03-23 00:00:00;Coupons;13;3.05;0.234615385;NEOEN;;
230;2021-03-23 00:00:00;Achat;3;84;28;NEOEN;;
231;2021-03-29 00:00:00;Coupons;45;1.36;0.030222222;STMICROELECTRONICS;;
232;2021-03-30 00:00:00;Achat;5;488.49;97.698;AIRBUS;;
233;2021-03-30 00:00:00;Virement;;410;;;;
234;2021-03-31 00:00:00;Solde;;410.02;;;;
235;2021-04-02 00:00:00;Coupons;51;33.66;0.66;TOTAL;;
236;2021-04-22 00:00:00;Coupons;11;22.44;2.04;VINCI;;
237;2021-04-27 00:00:00;Achat;1500;460.99;0.307326667;EUROPCAR;EUCAR.PA;
238;2021-04-28 00:00:00;Coupons;52;16.64;0.32;STELLANTIS;;
239;2021-04-30 00:00:00;Solde;;21.77;;;;
240;2021-05-06 00:00:00;Coupons;1;5.5;5.5;KERING;;
241;2021-05-06 00:00:00;Coupons;15;25.5;1.7;BOUYGUES;;
242;2021-05-06 00:00:00;Coupons;52;41.86;0.805;STELLANTIS;;
243;2021-05-07 00:00:00;Coupons;12;38.4;3.2;SANOFI;;
244;2021-05-11 00:00:00;Coupons;45;64.35;1.43;AXA;;
245;2021-05-12 00:00:00;Coupons;26;18.2;0.7;VEOLIA;;
246;2021-05-19 00:00:00;Coupons;5;15;3;EIFFAGE;;
247;2021-05-26 00:00:00;Coupons;75;41.25;0.55;SOCIETE GENERALE;;
248;2021-05-26 00:00:00;Coupons;77;40.81;0.53;ENGIE;;
249;2021-05-26 00:00:00;Coupons;37;41.07;1.11;BNP;;
250;2021-05-26 00:00:00;Virement;;275;;;;
251;2021-05-27 00:00:00;Coupons;44;25.3;0.575;MICHELIN;;
252;2021-05-28 00:00:00;Coupons;44;35.2;0.8;CREDIT AGRICOLE;;
253;2021-05-28 00:00:00;RachatDiv;3;33.84;11.28;CREDIT AGRICOLE;;
254;2021-05-28 00:00:00;Achat;5;470.99;94.198;VINCI;;
255;2021-05-31 00:00:00;Solde;;184.38;;;;
256;2021-06-01 00:00:00;Coupons;15;1.68;0.112;DASSAULT SYSTEMES;;
257;2021-06-02 00:00:00;Coupons;15;6.45;0.43;SAFRAN;;
258;2021-06-04 00:00:00;Achat;18;480.96;26.72;SOCIETE GENERALE;;
259;2021-06-04 00:00:00;Coupons;5;9.75;1.95;CAPGEMINI;;
260;2021-06-04 00:00:00;Coupons;248;14.88;0.06;NATIXIS;;
261;2021-06-04 00:00:00;Coupons;15;14.25;0.95;BOIRON;;
262;2021-06-04 00:00:00;Virement;;310;;;;
263;2021-06-07 00:00:00;Coupons;50;10.5;0.21;EDF; ;
264;2021-06-09 00:00:00;Coupons;14;18.62;1.33;SAINT-GOBAIN;;
265;2021-06-09 00:00:00;Coupons;38;23.37;0.615;FDJ;;
266;2021-06-09 00:00:00;Coupons;20;15;0.75;EDENRED;;
267;2021-06-18 00:00:00;Achat;4;501.97;125.4925;SAFRAN;;
268;2021-06-18 00:00:00;Virement;;380;;;;
269;2021-06-18 00:00:00;Coupons;120;60;0.5;ORANGE;;
270;2021-06-23 00:00:00;Coupons;38;34.2;0.9;FDJ;;
271;2021-06-25 00:00:00;Coupons;45;1.92;0.042666667;STMICROELECTRONICS;;
272;2021-06-30 00:00:00;Solde;;102.07;;;;
273;2021-07-02 00:00:00;Coupons;51;33.66;0.66;TOTAL;;
274;2021-07-08 00:00:00;Coupons;37;24.05;0.65;SUEZ;;
275;2021-07-22 00:00:00;Vente;248;992;4;NATIXIS;;
276;2021-07-23 00:00:00;Achat;22;485.13;22.05136364;AXA;;
277;2021-07-31 00:00:00;Solde;;666.65;;;;
278;2021-08-23 00:00:00;Achat;17;489.99;28.82294118;VEOLIA;;
279;2021-08-30 00:00:00;Virement;;350;;;;
280;2021-08-31 00:00:00;Solde;;526.66;;;;
281;2021-09-09 11:56:21;Achat;99;499.17;5.042121212;NOKIA;;
282;2021-09-09 00:00:00;Virement;;500;;;;
283;2021-09-23 00:00:00;Achat;8;181.6;22.7;VEOLIA;;
284;2021-09-24 00:00:00;Coupons;45;1.95;0.043333333;STMICROELECTRONICS;;
285;2021-09-27 00:00:00;Coupons;43;0.9;0.020930233;VEOLIA;;
286;2021-09-30 00:00:00;Coupons;37;57.35;1.55;BNP;;
287;2021-09-30 00:00:00;Solde;;406.09;;;;
288;2021-10-04 00:00:00;Coupons;51;33.66;0.66;TOTAL;;
289;2021-10-11 00:00:00;Virement;;600;;;;
290;2021-10-14 00:00:00;Achat;25;462.5;18.5;OVH;OVH.PA;Introduction
291;2021-10-28 00:00:00;Achat;10;489.45;48.945;DASSAULT SYSTEMES;;
292;2021-10-31 00:00:00;Solde;;87.8;;;;
293;2021-11-08 00:00:00;Virement;;500;;;;
294;2021-11-16 00:00:00;Coupons;50;15;0.3;EDF;;
295;2021-11-16 00:00:00;RachatDiv;1;11.12;11.12;EDF;;
296;2021-11-18 00:00:00;Coupons;16;10.4;0.65;VINCI;;
297;2021-11-30 00:00:00;Virement;;121.73;;;;Versement compensatoire NORDEA
298;2021-11-30 00:00:00;Solde;;723.81;;;;
299;2021-12-02 00:00:00;Virement;;32.19;;;;Dividende LCL AC MDHRSEUR.3D
300;2021-12-15 00:00:00;Coupons;120;36;0.3;ORANGE;;
301;2021-12-17 00:00:00;Coupons;45;2.03;0.045111111;STMICROELECTRONICS;;
302;2021-12-20 00:00:00;Achat;5;498.83;99.766;SAFRAN;;
303;2021-12-31 00:00:00;Solde;;295.2;;;;
304;2022-01-14 00:00:00;Achat;56;498.74;8.906071429;EDF;;
305;2022-01-14 00:00:00;Coupons;51;33.66;0.66;TOTAL;;
306;2022-01-17 00:00:00;Coupons;1;3.5;3.5;KERING;;
307;2022-01-18 00:00:00;Vente125;37;734.45;19.85;SUEZ;;OPA
308;2022-01-31 00:00:00;Solde;;1286.18;;;;
309;2022-02-15 00:00:00;Achat;21;487.49;23.21380952;OVH;;
310;2022-02-28 00:00:00;Solde;;798.69;;;;
311;2022-03-02 00:00:00;Achat;20;487.84;24.392;RENAULT;;
312;2022-03-07 00:00:00;Virement;;700;;;;
313;2022-03-07 00:00:00;Achat;50;500.33;10.0066;ENGIE;;
314;2022-03-22 00:00:00;Coupons;45;2.09;0.046444444;STMICROELECTRONICS;;
315;2022-03-30 00:00:00;Achat;16;100.44;6.2775;EDF;;Souscription EDF à laquelle il restait quelque parts d'une valeur de 1,16€ que j'ai supprimé de l'opération du coup
316;2022-03-31 00:00:00;Solde;;412.17;;;;
317;2022-04-04 00:00:00;Coupons;51;33.66;0.66;TOTAL;;
318;2022-04-20 00:00:00;Virement;;560;;;;
319;2022-04-20 00:00:00;Achat;13;474.78;36.52153846;UBISOFT;;
320;2022-04-21 00:00:00;Coupons;40;51;1.275;AIRBUS;;
321;2022-04-27 00:00:00;Coupons;127;107.95;0.85;ENGIE;;
322;2022-04-28 00:00:00;Coupons;16;36;2.25;VINCI;;
323;2022-04-29 00:00:00;Coupons;52;45.97;0.884038462;STELLANTIS;;
324;2022-04-30 00:00:00;Solde;;771.97;;;;
325;2022-05-02 00:00:00;Coupons;38;47.12;1.24;FDJ;;
326;2022-05-03 00:00:00;Coupons;1;8.5;8.5;KERING;;
327;2022-05-03 00:00:00;Coupons;15;27;1.8;BOUYGUES;;
328;2022-05-06 00:00:00;Coupons;67;103.18;1.54;AXA;;
329;2022-05-06 00:00:00;Coupons;12;39.96;3.33;SANOFI;;
330;2022-05-09 00:00:00;Coupons;244;4.88;0.02;NOKIA;;
331;2022-05-16 00:00:00;Coupons;5;15.5;3.1;EIFFAGE;;
332;2022-05-17 00:00:00;Coupons;44;49.5;1.125;MICHELIN;;
333;2022-05-19 00:00:00;Coupons;123;34.44;0.28;EDF;;
334;2022-05-19 00:00:00;RachatDiv;4;29.76;7.44;EDF;;
335;2022-05-23 00:00:00;Coupons;25;4.25;0.17;DASSAULT SYSTEMES;;
336;2022-05-23 00:00:00;Coupons;37;135.79;3.67;BNP;;
337;2022-05-25 00:00:00;Coupons;93;153.45;1.65;SOCIETE GENERALE;;
338;2022-05-30 00:00:00;Coupons;47;49.35;1.05;CREDIT AGRICOLE;;
339;2022-05-31 00:00:00;Coupons;24;12;0.5;SAFRAN;;
340;2022-06-01 00:00:00;Coupons;5;12;2.4;CAPGEMINI;;
341;2022-06-01 00:00:00;Coupons;15;14.25;0.95;BOIRON;;
342;2022-06-03 00:00:00;Coupons;25;62.5;2.5;ERAMET;;
343;2022-06-06 00:00:00;Coupons;14;22.82;1.63;SAINT-GOBAIN;;
344;2022-06-07 00:00:00;Coupons;20;18;0.9;EDENRED;;
345;2022-06-07 00:00:00;Coupons;120;48;0.4;ORANGE;;
346;2022-06-08 00:00:00;Achat;100;641;6.41;BROADPEAK;J73.F;Introduction
347;2022-06-20 00:00:00;Coupons;45;2.18;0.048444444;STMICROELECTRONICS;;
348;2022-06-23 00:00:00;Coupons;16;1.6;0.1;NEOEN;;
349;2022-06-29 00:00:00;Achat;85;499.46;5.876;DERICHEBOURG;DBG.PA;
350;2022-07-01 00:00:00;Coupons;51;33.66;0.66;TOTAL;;
351;2022-07-05 00:00:00;Coupons;51;51;1;VEOLIA;;
352;2022-07-12 00:00:00;Coupons;1500;15;0.01;EUROPCAR;;
353;2022-08-04 00:00:00;Coupons;244;4.88;0.02;NOKIA;;
354;2022-08-09 00:00:00;Virement;;1815.63;;;;
355;2022-08-11 00:00:00;Virement;;1000;;;;
356;2022-08-11 00:00:00;Virement;;1000;;;;
357;2022-08-11 00:00:00;Virement;;1000;;;;
358;2022-08-26 00:00:00;Achat;59;795.26;13.47898305;OVH;;Premiere ligne de la banque postale
359;2022-09-20 00:00:00;Virement;0;4.88;;;;
360;2022-09-21 00:00:00;Coupons;45;2.3;0.051111111;STMICROELECTRONICS;;
361;2022-09-30 00:00:00;Achat;24;776.6;32.35833333;STMICROELECTRONICS;;
362;2022-09-30 00:00:00;Achat;41;803.08;19.58731707;VEOLIA;;
363;2022-10-03 00:00:00;Coupons;51;35.19;0.69;TOTAL;;
364;2022-10-06 00:00:00;Achat;184;804.65;4.373097826;DERICHEBOURG;;Voir montant de l'opération (car je trouve 808,45 sur un des relevé)-2 dividendes d'un OPCVM après cette operation
365;2022-11-03 00:00:00;Coupons;244;3.17;0.012991803;NOKIA;;
366;2022-11-17 00:00:00;Coupons;16;16;1;VINCI;;
367;2022-11-28 00:00:00;Achat;81;797.31;9.843333333;ORANGE;;Voir montant de l'opération (car je trouve 799,31 sur un des relevé)
368;2022-12-07 00:00:00;Coupons;201;60.3;0.3;ORANGE;;
369;2022-12-14 00:00:00;Coupons;69;3.29;0.047681159;STMICROELECTRONICS;;
370;2022-12-16 00:00:00;Coupons;51;51;1;TOTAL;;
371;2023-01-03 00:00:00;Virement;0;2000;;;;
372;2023-01-11 00:00:00;Achat;80;798.47;9.980875;ORANGE;;Voir montant de l'opération (car je trouve 800,47 sur un des relevé)
373;2023-01-12 00:00:00;Coupons;51;35.19;0.69;TOTAL;;
374;2023-01-18 00:00:00;Coupons;1;4.5;4.5;KERING;;
375;2023-02-09 00:00:00;Coupons;244;3.17;0.012991803;NOKIA;;
376;2023-02-16 00:00:00;Coupons;269;86.08;0.32;DERICHEBOURG;;
377;2023-02-17 00:00:00;Achat;26;786.25;30.24038462;MICHELIN;;Voir montant de l'opération (car je trouve 788,25 sur un des relevé)
378;2023-03-07 00:00:00;Achat;26;787.82;30.30076923;MICHELIN;;Voir montant de l'opération (car je trouve 789,82 sur un des relevé)
379;2023-03-22 00:00:00;Coupons;69;3.25;0.047101449;STMICROELECTRONICS;;
380;2023-04-03 00:00:00;Coupons;51;35.19;0.69;TOTAL;;
381;2023-04-20 00:00:00;Achat;266;798;3;ORPEA;ORP.PA;Voir montant de l'opération (car je trouve 800 sur un des relevé)
382;2023-04-21 00:00:00;Virement;;800;;;;
383;2023-04-24 00:00:00;Virement;;700;;;;
384;2023-04-27 00:00:00;Coupons;16;48;;VINCI;;
385;2023-04-27 00:00:00;Coupons;40;61.2;;AIRBUS;;
386;2023-05-03 00:00:00;Coupons;127;177.8;;ENGIE;;
387;2023-05-04 00:00:00;Coupons;52;59.22;;STELLANTIS;;
388;2023-05-04 00:00:00;Coupons;244;4.75;;NOKIA;;
389;2023-05-04 00:00:00;Coupons;1;9.5;;KERING;;
390;2023-05-05 00:00:00;Coupons;15;27;;BOUYGUES;;
391;2023-05-09 00:00:00;Coupons;38;52.06;;FDJ;;
392;2023-05-10 00:00:00;Coupons;67;113.9;;AXA;;
393;2023-05-11 00:00:00;Coupons;92;103.04;;VEOLIA;;
394;2023-05-17 00:00:00;Achat;31;786.79;;UBISOFT;;
395;2023-05-17 00:00:00;Coupons;5;18;;EIFFAGE;;
396;2023-05-19 00:00:00;Coupons;97;24.25;;RENAULT;;
397;2023-05-19 00:00:00;Coupons;96;120;;MICHELIN;;
398;2023-05-24 00:00:00;Coupons;37;144.3;;BNP;;
399;2023-05-30 00:00:00;Coupons;25;87.5;;ERAMET;;
400;2023-05-31 00:00:00;Coupons;25;5.25;;DASSAULT SYSTEMES;;
401;2023-06-01 00:00:00;Coupons;93;158.1;;SOCIETE GENERALE;;
402;2023-06-01 00:00:00;Coupons;12;42.72;;SANOFI;;
403;2023-06-01 00:00:00;Coupons;24;32.4;;SAFRAN;;
404;2023-06-01 00:00:00;Coupons;47;49.35;;CREDIT AGRICOLE;;
405;2023-06-01 00:00:00;Coupons;5;16.25;;CAPGEMINI;;
406;2023-06-02 00:00:00;Coupons;15;16.5;;BOIRON;;
407;2023-06-07 00:00:00;Coupons;281;112.4;;ORANGE;;
408;2023-06-08 00:00:00;Coupons;16;2;;NEOEN;;
409;2023-06-08 00:00:00;Vente;-127;1524;;EDF;;
410;2023-06-09 00:00:00;Coupons;20;20;;EDENRED;;
411;2023-06-14 00:00:00;Coupons;14;28;;SAINT-GOBAIN;;
412;2023-06-28 00:00:00;Achat;15;783.29;;TOTAL;;
413;2023-06-28 00:00:00;Coupons;69;3.21;;STMICROELECTRONICS;;
414;2023-06-28 00:00:00;Achat;8;797.26;;SANOFI;;
415;2023-06-29 00:00:00;Achat;400;793.76;;ORPEA;;
416;2023-07-03 00:00:00;Coupons;51;37.74;;TOTAL;;
417;2023-08-03 00:00:00;Coupons;244;4,75;;NOKIA;;
418;2023-08-24 00:00:00;Achat;28;792;;VEOLIA;;
419;2023-09-20 00:00:00;Coupons;69;3,28;;STMICROELECTRONICS;;
420;2023-10-02 00:00:00;Coupons;66;48.84;;TOTAL;;
421;2023-10-20 00:00:00;Coupons;15;155.4;;BOIRON;;
422;2023-10-23 00:00:00;Achat;32;803.76;;VEOLIA;;
423;2023-11-02 00:00:00;Coupons;244;4.75;;NOKIA;;
